{
    "normals":[-1,0,0,0,-2.98023e-08,-1,1,0,0,0,2.98023e-08,1,0,-1,2.98023e-08,0,1,-2.98023e-08],
    "faces":[161,0,1,3,2,0,0,0,0,0,0,0,0,161,2,3,7,6,1,1,1,1,0,0,1,0,161,6,7,5,4,2,2,2,2,2,3,0,0,161,1,0,4,5,3,3,3,3,0,0,0,0,161,4,0,2,6,4,4,4,4,0,4,0,0,161,7,3,1,5,5,5,5,5,0,0,0,0],
    "uvs":[],
    "metadata":{
        "type":"Geometry",
        "colors":5,
        "generator":"io_three",
        "version":3,
        "normals":6,
        "faces":6,
        "uvs":0,
        "vertices":8
    },
    "colors":[20223,86015,3503103,1334270,1071615],
    "vertices":[-1,-1,1,-1,1,1,-1,-1,-1,-1,1,-1,1,-1,1,1,1,1,1,-1,-1,1,1,-1]
}