{
    "normals":[0.187597,-0.794651,0.577354,0.607065,-0.794652,0,-0.491122,-0.794652,0.356829,-0.491122,-0.794652,-0.356829,0.187597,-0.794651,-0.577354,0.982246,-0.187597,1.06346e-08,0.303536,-0.187589,0.934172,-0.794649,-0.187587,0.577359,-0.794649,-0.187587,-0.577359,0.303536,-0.187589,-0.934172,0.794649,0.187587,0.577359,-0.303536,0.187589,0.934172,-0.982246,0.187597,-2.12692e-08,-0.303536,0.187589,-0.934172,0.794649,0.187587,-0.577359,0.491122,0.794652,0.356829,-0.187597,0.794651,0.577354,-0.607065,0.794652,-9.00954e-08,-0.187597,0.794651,-0.577354,0.491122,0.794652,-0.356829],
    "faces":[160,0,1,2,0,0,0,0,0,0,160,1,0,5,1,1,1,2,3,4,160,0,2,3,2,2,2,3,3,3,160,0,3,4,3,3,3,3,3,5,160,0,4,5,4,4,4,6,7,3,160,1,5,10,5,5,5,2,4,3,160,2,1,6,6,6,6,3,2,3,160,3,2,7,7,7,7,3,3,3,160,4,3,8,8,8,8,5,3,3,160,5,4,9,9,9,9,3,7,3,160,1,10,6,10,10,10,2,3,3,160,2,6,7,11,11,11,3,3,3,160,3,7,8,12,12,12,3,3,3,160,4,8,9,13,13,13,5,3,3,160,5,9,10,14,14,14,3,3,3,160,6,10,11,15,15,15,3,3,3,160,7,6,11,16,16,16,3,3,3,160,8,7,11,17,17,17,3,3,3,160,9,8,11,18,18,18,3,3,3,160,10,9,11,19,19,19,3,3,3],
    "uvs":[],
    "metadata":{
        "type":"Geometry",
        "colors":8,
        "generator":"io_three",
        "version":3,
        "normals":20,
        "faces":20,
        "uvs":0,
        "vertices":12
    },
    "colors":[16777215,0,16747265,16747264,16757075,16748039,16766112,16752169],
    "vertices":[0,-0.676967,2.95912e-08,0.7236,-0.124182,0.52572,-0.276385,-0.124182,0.85064,-0.894425,-0.124182,5.42818e-09,-0.276385,-0.124182,-0.85064,0.7236,-0.124182,-0.52572,0.276385,0.770248,0.85064,-0.7236,0.770248,0.52572,-0.7236,0.770248,-0.52572,0.276385,0.770248,-0.85064,0.894425,0.770248,-3.36686e-08,0,1.32303,-5.78316e-08]
}