{
    "normals":[0.539758,0.84182,-4.47035e-08],
    "faces":[161,0,1,3,2,0,0,0,0,0,1,2,0],
    "uvs":[],
    "metadata":{
        "type":"Geometry",
        "colors":3,
        "generator":"io_three",
        "version":3,
        "normals":1,
        "faces":1,
        "uvs":0,
        "vertices":4
    },
    "colors":[8747,1324093,74540],
    "vertices":[-0.84182,0.863381,1,0.84182,-0.216134,1,-0.84182,0.863381,-1,0.84182,-0.216134,-1]
}