{
    "normals":[0.098017,-2.96926e-08,-0.995185,0.290285,-5.70098e-08,-0.95694,0.471397,-5.46344e-08,-0.881921,0.634393,-4.51327e-08,-0.77301,0.77301,-3.80065e-08,-0.634393,0.881921,-1.90033e-08,-0.471396,0.95694,-1.1877e-08,-0.290285,0.995185,-4.45389e-09,-0.0980173,0.995185,4.15696e-09,0.098017,0.95694,1.06893e-08,0.290285,0.881921,1.90033e-08,0.471397,0.77301,3.80065e-08,0.634393,0.634393,4.51327e-08,0.77301,0.471397,5.22589e-08,0.881921,0.290284,5.70098e-08,0.95694,0.0980168,4.45389e-08,0.995185,-0.0980174,4.45389e-08,0.995185,-0.290285,5.81975e-08,0.95694,-0.471397,5.22589e-08,0.881921,-0.634394,4.75081e-08,0.77301,-0.773011,3.56311e-08,0.634393,-0.881922,2.13787e-08,0.471396,-0.956941,1.06893e-08,0.290284,-0.995185,4.45389e-09,0.0980163,-0.995185,-4.45389e-09,-0.0980182,-0.95694,-1.06893e-08,-0.290286,-0.881921,-2.13787e-08,-0.471398,-0.77301,-3.80065e-08,-0.634394,-0.634392,-4.51327e-08,-0.773011,-0.471395,-5.22589e-08,-0.881922,0,1,0,0,1,0,-0,1,0,0,1,-0,-0.290283,-5.70098e-08,-0.956941,-0.0980162,-2.96928e-08,-0.995185,-0,-1,0,0,-1,0,0,-1,0,0,-1,-0,9.88715e-07,-1,1.20475e-06,-9.88714e-07,-1,1.20475e-06,1.52761e-07,-1,3.68799e-07,3.68799e-07,-1,-1.52761e-07,-1.08019e-07,-1,-2.14863e-08,-2.14863e-08,-1,1.08019e-07,-2.34156e-08,-1,3.50438e-08,3.50438e-08,-1,2.34156e-08],
    "faces":[161,0,1,3,2,0,0,0,0,0,0,0,0,161,2,3,5,4,1,1,1,1,0,0,0,0,161,4,5,7,6,2,2,2,2,0,0,0,0,161,6,7,9,8,3,3,3,3,1,2,3,1,161,8,9,11,10,4,4,4,4,1,3,1,1,161,10,11,13,12,5,5,5,5,1,1,1,1,161,12,13,15,14,6,6,6,6,1,1,1,1,161,14,15,17,16,7,7,7,7,1,1,1,1,161,16,17,19,18,8,8,8,8,1,1,1,1,161,18,19,21,20,9,9,9,9,1,1,1,1,161,20,21,23,22,10,10,10,10,1,1,1,1,161,22,23,25,24,11,11,11,11,1,1,1,1,161,24,25,27,26,12,12,12,12,1,1,1,4,161,26,27,29,28,13,13,13,13,4,1,1,5,161,28,29,31,30,14,14,14,14,6,1,1,7,161,30,31,33,32,15,15,15,15,7,1,1,8,161,32,33,35,34,16,16,16,16,8,1,1,1,161,34,35,37,36,17,17,17,17,1,1,1,1,161,36,37,39,38,18,18,18,18,9,1,1,1,161,38,39,41,40,19,19,19,19,1,1,8,1,161,40,41,43,42,20,20,20,20,1,8,1,1,161,42,43,45,44,21,21,21,21,1,1,1,1,161,44,45,47,46,22,22,22,22,1,1,1,10,161,46,47,49,48,23,23,23,23,10,1,1,11,161,48,49,51,50,24,24,24,24,11,1,1,1,161,50,51,53,52,25,25,25,25,1,1,1,1,161,52,53,55,54,26,26,26,26,1,1,1,1,161,54,55,57,56,27,27,27,27,1,1,1,12,161,56,57,59,58,28,28,28,28,12,1,1,13,161,58,59,61,60,29,29,29,29,0,0,0,0,160,5,3,1,30,30,30,1,1,1,160,1,63,61,30,30,30,1,1,1,160,61,59,57,31,31,31,1,1,1,160,57,55,53,30,30,30,1,1,1,160,53,51,49,31,31,31,1,1,1,160,49,47,45,31,31,31,1,1,1,160,45,43,41,30,30,30,1,1,1,160,41,39,37,30,30,30,1,1,1,160,37,35,33,30,30,30,1,1,1,160,33,31,29,30,30,30,1,1,1,160,29,27,25,30,30,30,1,1,1,160,25,23,21,30,30,30,1,1,1,160,21,19,17,30,30,30,1,1,1,160,17,15,13,30,30,30,1,1,1,160,13,11,9,30,30,30,1,1,15,160,9,7,5,30,30,30,15,1,1,160,5,1,61,32,32,32,1,1,1,160,61,57,53,30,30,30,1,1,1,160,53,49,45,30,30,30,1,1,1,160,45,41,37,30,30,30,1,1,1,160,37,33,29,30,30,30,1,1,1,160,29,25,21,31,31,31,1,1,1,160,21,17,13,33,33,33,1,1,1,160,13,9,5,31,31,31,1,15,1,160,5,61,53,32,32,32,1,1,1,160,53,45,37,30,30,30,1,1,1,160,37,29,21,30,30,30,1,1,1,160,21,13,5,30,30,30,1,1,1,160,5,53,37,30,30,30,1,1,1,160,37,21,5,33,33,33,1,1,1,161,60,61,63,62,34,34,34,34,0,0,0,0,161,1,0,62,63,35,35,35,35,0,0,0,0,160,62,0,2,36,36,36,0,0,0,160,2,4,6,37,37,37,0,0,0,160,6,8,10,38,38,38,0,0,0,160,10,12,14,37,37,37,0,0,0,160,14,16,18,39,39,39,0,0,0,160,18,20,22,37,37,37,0,0,0,160,22,24,26,40,40,40,0,0,0,160,26,28,30,37,37,37,0,0,0,160,30,32,34,37,37,37,0,0,0,160,34,36,38,37,37,37,0,16,17,160,38,40,42,41,41,41,17,18,1,160,42,44,46,37,37,37,1,1,10,160,46,48,50,37,37,37,10,11,1,160,50,52,54,37,37,37,1,1,1,160,54,56,58,37,37,37,1,10,19,160,58,60,62,38,38,38,19,20,0,160,62,2,6,38,38,38,0,0,0,160,6,10,14,38,38,38,0,0,0,160,14,18,22,39,39,39,0,0,0,160,22,26,30,42,42,42,0,0,0,160,30,34,38,37,37,37,0,0,17,160,38,42,46,43,43,43,17,1,10,160,46,50,54,37,37,37,10,1,1,160,54,58,62,37,37,37,1,19,0,160,62,6,14,38,38,38,0,0,0,160,14,22,30,44,44,44,0,0,0,160,30,38,46,45,45,45,0,17,10,160,46,54,62,37,37,37,10,1,0,160,62,14,30,46,46,46,0,0,0,160,30,46,62,47,47,47,0,10,0],
    "uvs":[],
    "metadata":{
        "type":"Geometry",
        "colors":21,
        "generator":"io_three",
        "version":3,
        "normals":48,
        "faces":92,
        "uvs":0,
        "vertices":64
    },
    "colors":[16777215,16711854,16720056,16712879,16716212,16738767,16715955,16713136,16712110,16712623,16715186,16717492,16713137,16713392,0,16712367,16771576,16734154,16712111,16761067,16776446],
    "vertices":[0,-0.00682801,-1,0,1.99317,-1,0.19509,-0.00682801,-0.980785,0.19509,1.99317,-0.980785,0.382683,-0.00682801,-0.92388,0.382683,1.99317,-0.92388,0.55557,-0.00682801,-0.83147,0.55557,1.99317,-0.83147,0.707107,-0.00682801,-0.707107,0.707107,1.99317,-0.707107,0.83147,-0.00682801,-0.55557,0.83147,1.99317,-0.55557,0.92388,-0.00682801,-0.382683,0.92388,1.99317,-0.382683,0.980785,-0.00682801,-0.19509,0.980785,1.99317,-0.19509,1,-0.00682801,-7.51994e-08,1,1.99317,-1.62622e-07,0.980785,-0.00682801,0.19509,0.980785,1.99317,0.19509,0.92388,-0.00682801,0.382683,0.92388,1.99317,0.382683,0.83147,-0.00682801,0.55557,0.83147,1.99317,0.55557,0.707107,-0.00682795,0.707107,0.707107,1.99317,0.707107,0.55557,-0.00682795,0.83147,0.55557,1.99317,0.83147,0.382683,-0.00682795,0.92388,0.382683,1.99317,0.92388,0.19509,-0.00682795,0.980785,0.19509,1.99317,0.980785,-3.25841e-07,-0.00682795,1,-3.25841e-07,1.99317,1,-0.195091,-0.00682795,0.980785,-0.195091,1.99317,0.980785,-0.382684,-0.00682795,0.923879,-0.382684,1.99317,0.923879,-0.555571,-0.00682795,0.831469,-0.555571,1.99317,0.831469,-0.707107,-0.00682795,0.707106,-0.707107,1.99317,0.707106,-0.83147,-0.00682801,0.55557,-0.83147,1.99317,0.55557,-0.92388,-0.00682801,0.382683,-0.92388,1.99317,0.382683,-0.980785,-0.00682801,0.195089,-0.980785,1.99317,0.195089,-1,-0.00682801,-9.65301e-07,-1,1.99317,-1.05272e-06,-0.980785,-0.00682801,-0.195091,-0.980785,1.99317,-0.195091,-0.923879,-0.00682801,-0.382684,-0.923879,1.99317,-0.382685,-0.831469,-0.00682801,-0.555571,-0.831469,1.99317,-0.555571,-0.707106,-0.00682801,-0.707108,-0.707106,1.99317,-0.707108,-0.555569,-0.00682801,-0.83147,-0.555569,1.99317,-0.83147,-0.382682,-0.00682801,-0.92388,-0.382682,1.99317,-0.92388,-0.195089,-0.00682801,-0.980786,-0.195089,1.99317,-0.980786]
}